City_ID,City,Country,Date,Lat,Lng,Max Temp,Humidity,Cloudiness,Wind Speed
0,Maniitsoq,GL,2022-07-17 04:24:01,65.4167,-52.9,41.23,85,80,8.55
1,Katsuura,JP,2022-07-17 04:31:57,35.1333,140.3,75.22,83,52,16.04
2,Yulara,AU,2022-07-17 04:25:07,-25.2406,130.9889,68.99,12,1,6.46
3,Tezu,IN,2022-07-17 04:31:57,27.9167,96.1667,86.72,90,72,3.6
4,Bayeux,BR,2022-07-17 04:31:57,-7.125,-34.9322,74.03,94,75,10.36
5,Bethel,US,2022-07-17 04:31:58,41.3712,-73.414,71.96,89,0,0.0
6,Jamestown,US,2022-07-17 04:31:12,42.097,-79.2353,64.02,78,65,4.23
7,Darhan,MN,2022-07-17 04:31:58,49.4867,105.9228,77.88,40,2,7.76
8,Rikitea,PF,2022-07-17 04:31:59,-23.1203,-134.9692,73.8,73,100,16.73
9,Mahebourg,MU,2022-07-17 04:31:59,-20.4081,57.7,72.25,73,40,13.8
10,Punta Arenas,CL,2022-07-17 04:31:59,-53.15,-70.9167,32.11,86,75,16.11
11,Carnarvon,AU,2022-07-17 04:32:00,-24.8667,113.6333,72.59,47,88,7.07
12,Hermanus,ZA,2022-07-17 04:28:28,-34.4187,19.2345,61.41,51,2,4.56
13,Chuy,UY,2022-07-17 04:32:00,-33.6971,-53.4616,46.22,86,100,15.41
14,Saskylakh,RU,2022-07-17 04:32:00,71.9167,114.0833,62.4,49,92,12.93
15,Villa Juarez,MX,2022-07-17 04:32:01,24.6536,-107.5411,82.65,82,75,0.0
16,Memphis,US,2022-07-17 04:31:27,35.1495,-90.049,84.33,66,75,6.91
17,Acapulco,MX,2022-07-17 04:30:14,16.8634,-99.8901,73.22,94,100,4.61
18,Albany,US,2022-07-17 04:29:02,42.6001,-73.9662,71.89,88,64,3.49
19,Touros,BR,2022-07-17 04:32:01,-5.1989,-35.4608,74.14,91,75,12.19
20,Albanel,CA,2022-07-17 04:32:02,48.8832,-72.4487,59.14,94,85,1.14
21,Georgetown,MY,2022-07-17 04:27:53,5.4112,100.3354,89.53,74,20,5.75
22,Kapaa,US,2022-07-17 04:27:30,22.0752,-159.319,84.18,81,100,16.11
23,Atar,MR,2022-07-17 04:30:10,20.5169,-13.0499,88.63,17,2,2.55
24,Nikolskoye,RU,2022-07-17 04:22:39,59.7035,30.7861,55.29,77,72,5.3
25,Aklavik,CA,2022-07-17 04:27:36,68.2191,-135.0107,60.04,70,79,6.58
26,Opuwo,NA,2022-07-17 04:32:03,-18.0607,13.84,52.09,42,0,7.49
27,Yellowknife,CA,2022-07-17 04:28:39,62.456,-114.3525,64.92,77,75,8.05
28,Tasiilaq,GL,2022-07-17 04:32:04,65.6145,-37.6368,42.96,73,93,4.76
29,Kaitangata,NZ,2022-07-17 04:32:04,-46.2817,169.8464,46.15,77,97,4.27
30,Ugoofaaru,MV,2022-07-17 04:32:04,5.6667,73.0,82.09,77,86,7.87
31,La Rinconada,ES,2022-07-17 04:32:05,37.4873,-5.9826,79.05,54,0,3.44
32,Hithadhoo,MV,2022-07-17 04:32:05,-0.6,73.0833,84.97,69,28,14.74
33,Abu Zabad,SD,2022-07-17 04:32:05,12.35,29.25,78.03,69,96,7.31
34,Port Hedland,AU,2022-07-17 04:32:06,-20.3167,118.5667,80.65,17,1,9.22
35,Sur,OM,2022-07-17 04:22:35,22.5667,59.5289,85.15,70,100,13.94
36,Shirokaya Rechka,RU,2022-07-17 04:32:06,56.7986,60.4852,72.86,56,9,9.1
37,Ushuaia,AR,2022-07-17 04:30:24,-54.8,-68.3,40.66,56,40,5.75
38,Mataura,NZ,2022-07-17 04:32:07,-46.1927,168.8643,52.48,82,86,4.43
39,Pervomayskoye,RU,2022-07-17 04:32:07,43.919,46.7102,86.63,40,0,13.49
40,Avarua,CK,2022-07-17 04:32:07,-21.2078,-159.775,73.45,78,75,10.36
41,Emba,KZ,2022-07-17 04:32:08,48.8264,58.1442,81.05,43,4,7.47
42,Nouadhibou,MR,2022-07-17 04:32:08,20.931,-17.0347,67.8,89,28,25.46
43,Richmond,US,2022-07-17 04:29:28,37.5538,-77.4603,71.58,94,75,5.75
44,Praia,CV,2022-07-17 04:32:09,14.9215,-23.5087,77.54,78,75,4.61
45,Ilulissat,GL,2022-07-17 04:32:09,69.2167,-51.1,42.82,75,20,2.3
46,Atuona,PF,2022-07-17 04:32:09,-9.8,-139.0333,77.79,72,41,15.12
47,Busselton,AU,2022-07-17 04:32:10,-33.65,115.3333,57.81,74,100,14.56
48,Mahbubabad,IN,2022-07-17 04:33:10,17.6167,80.0167,80.71,81,100,11.9
49,Bredasdorp,ZA,2022-07-17 04:33:10,-34.5322,20.0403,58.96,36,4,6.71
50,Okha,RU,2022-07-17 04:23:54,53.5739,142.9478,61.66,71,53,18.61
51,George Town,MY,2022-07-17 04:32:23,5.4112,100.3354,89.53,74,20,5.75
52,Qaanaaq,GL,2022-07-17 04:33:11,77.484,-69.3632,47.86,67,12,2.75
53,Montrose,US,2022-07-17 04:33:11,38.4166,-108.2673,71.01,40,6,1.77
54,Kuala Pilah,MY,2022-07-17 04:33:12,2.7389,102.2487,92.8,50,56,3.31
55,Dover,US,2022-07-17 04:30:20,39.1582,-75.5244,72.07,99,75,5.75
56,Toul,FR,2022-07-17 04:30:44,48.6667,5.9167,58.01,77,0,0.0
57,Salina Cruz,MX,2022-07-17 04:33:12,16.1667,-95.2,78.57,78,94,10.51
58,Nanortalik,GL,2022-07-17 04:33:13,60.1432,-45.2371,40.6,86,13,6.82
59,Lompoc,US,2022-07-17 04:33:13,34.6391,-120.4579,57.85,94,75,8.05
60,Lagoa,PT,2022-07-17 04:25:11,39.05,-27.9833,69.62,88,75,7.63
61,Caravelas,BR,2022-07-17 04:33:14,-17.7125,-39.2481,69.1,93,9,4.74
62,Harare,ZW,2022-07-17 04:33:14,-17.8294,31.0539,43.83,88,1,8.77
63,Butaritari,KI,2022-07-17 04:33:14,3.0707,172.7902,80.85,76,99,7.11
64,Bengkulu,ID,2022-07-17 04:33:15,-3.8004,102.2655,85.1,65,85,6.44
65,Dharchula,IN,2022-07-17 04:33:15,29.85,80.5333,85.44,64,11,6.11
66,Barrow,US,2022-07-17 04:33:15,71.2906,-156.7887,37.42,87,100,17.27
67,Kodiak,US,2022-07-17 04:33:16,57.79,-152.4072,58.51,82,100,0.0
68,Pedasi,PA,2022-07-17 04:33:16,7.5333,-80.0333,76.06,80,100,5.28
69,Kathu,TH,2022-07-17 04:33:16,7.9178,98.3332,85.82,99,100,8.81
70,Port Alfred,ZA,2022-07-17 04:33:17,-33.5906,26.891,66.22,40,13,12.59
71,Zhezkazgan,KZ,2022-07-17 04:28:55,47.8043,67.7144,80.58,36,0,13.42
72,Xiantao,CN,2022-07-17 04:33:17,30.3833,113.4,83.68,82,98,6.76
73,Santiago Del Estero,AR,2022-07-17 04:33:18,-27.7951,-64.2615,42.3,74,0,4.92
74,Inuvik,CA,2022-07-17 04:30:17,68.3499,-133.7218,57.96,94,100,4.61
75,Arraial Do Cabo,BR,2022-07-17 04:23:59,-22.9661,-42.0278,70.65,88,100,19.93
76,Puerto Ayora,EC,2022-07-17 04:33:18,-0.7393,-90.3518,68.56,95,29,8.99
77,Umm Bab,QA,2022-07-17 04:33:19,25.2142,50.8072,93.16,58,90,3.36
78,Batagay-Alyta,RU,2022-07-17 04:33:19,67.8006,130.4114,46.44,90,100,3.58
79,Iqaluit,CA,2022-07-17 04:33:14,63.7506,-68.5145,53.33,81,100,6.91
80,Khatanga,RU,2022-07-17 04:33:20,71.9667,102.5,68.4,41,42,5.57
81,Coihaique,CL,2022-07-17 04:33:20,-45.5752,-72.0662,36.21,93,40,5.75
82,Linqiong,CN,2022-07-17 04:33:20,30.4159,103.4609,89.42,76,100,3.65
83,Irbit,RU,2022-07-17 04:33:21,57.6705,63.071,64.31,99,100,3.2
84,Bluff,NZ,2022-07-17 04:33:21,-46.6,168.3333,52.81,78,97,16.55
85,Guerrero Negro,MX,2022-07-17 04:33:22,27.9769,-114.0611,67.05,85,5,11.16
86,Back Mountain,US,2022-07-17 04:33:22,41.3359,-75.9963,67.06,94,91,1.9
87,Buchanan,LR,2022-07-17 04:33:22,5.8808,-10.0467,75.49,87,100,9.98
88,Vaini,TO,2022-07-17 04:33:23,-21.2,-175.2,78.96,89,75,5.75
89,Markova,UA,2022-07-17 04:33:23,48.6758,24.4138,57.09,73,51,6.82
90,Thompson,CA,2022-07-17 04:33:23,55.7435,-97.8558,68.16,88,75,0.0
91,Lebu,CL,2022-07-17 04:33:24,-37.6167,-73.65,47.7,91,100,25.81
92,Hobart,AU,2022-07-17 04:32:09,-42.8794,147.3294,52.27,61,20,24.16
93,Honiara,SB,2022-07-17 04:33:24,-9.4333,159.95,86.7,59,60,9.01
94,Ponta Do Sol,PT,2022-07-17 04:33:24,32.6667,-17.1,68.72,76,29,7.23
95,Gawler,AU,2022-07-17 04:34:25,-34.6,138.7333,57.09,87,20,19.13
96,Souillac,MU,2022-07-17 04:34:25,-20.5167,57.5167,71.98,73,40,13.8
97,Nome,US,2022-07-17 04:34:25,64.5011,-165.4064,62.17,55,0,12.66
98,Riyadh,SA,2022-07-17 04:34:21,24.6877,46.7219,87.94,13,100,12.88
99,Mar Del Plata,AR,2022-07-17 04:33:22,-38.0023,-57.5575,44.1,74,75,11.5
100,Hamilton,US,2022-07-17 04:33:20,39.1834,-84.5333,79.65,79,20,0.0
101,Comodoro Rivadavia,AR,2022-07-17 04:26:12,-45.8667,-67.5,40.86,60,0,10.36
102,Egvekinot,RU,2022-07-17 04:34:26,66.3167,-179.1667,45.88,89,100,3.06
103,Narsaq,GL,2022-07-17 04:34:26,60.9167,-46.05,46.62,84,69,2.89
104,Saint-Philippe,RE,2022-07-17 04:34:27,-21.3585,55.7679,68.22,80,36,14.83
105,Aranos,NA,2022-07-17 04:34:27,-24.1333,19.1167,46.31,46,0,10.83
106,Beisfjord,NO,2022-07-17 04:34:27,68.3751,17.5988,51.04,96,100,4.09
107,Channahon,US,2022-07-17 04:34:28,41.4295,-88.2287,71.28,91,100,1.01
108,Hilo,US,2022-07-17 04:34:25,19.7297,-155.09,82.27,97,100,11.5
109,Beringovskiy,RU,2022-07-17 04:34:28,63.05,179.3167,61.5,72,100,12.71
110,Elko,US,2022-07-17 04:30:17,41.0002,-115.5012,84.22,22,59,2.3
111,Balakhta,RU,2022-07-17 04:34:29,55.38,91.6,69.98,48,88,4.21
112,Monrovia,LR,2022-07-17 04:32:26,6.3005,-10.7969,76.21,85,99,11.03
113,Sao Pedro Do Sul,BR,2022-07-17 04:34:29,-29.6206,-54.1789,47.14,93,99,10.2
114,Saldanha,ZA,2022-07-17 04:34:30,-33.0117,17.9442,57.25,67,0,12.46
115,Port Augusta,AU,2022-07-17 04:34:30,-32.5,137.7667,61.34,47,100,12.08
116,Kilindoni,TZ,2022-07-17 04:34:30,-7.9139,39.6668,76.19,75,9,18.79
117,Wilmington,US,2022-07-17 04:34:28,34.2257,-77.9447,81.86,86,20,4.61
118,Coquimbo,CL,2022-07-17 04:34:15,-29.9533,-71.3436,47.93,71,0,8.05
119,New Norfolk,AU,2022-07-17 04:34:31,-42.7826,147.0587,51.93,73,68,5.99
120,Asau,RO,2022-07-17 04:34:31,46.4333,26.4,58.28,56,15,3.53
121,Castro,BR,2022-07-17 04:34:32,-24.7911,-50.0119,62.58,89,100,9.04
122,Quatre Cocos,MU,2022-07-17 04:34:32,-20.2078,57.7625,72.09,71,33,16.26
123,Sinjar,IQ,2022-07-17 04:34:33,36.3209,41.8754,89.08,29,0,4.56
124,Renukut,IN,2022-07-17 04:34:33,24.2,83.0333,93.02,48,26,13.47
125,Elat,IL,2022-07-17 04:34:33,29.5581,34.9482,82.24,51,0,9.22
126,Mount Gambier,AU,2022-07-17 04:25:12,-37.8333,140.7667,53.51,71,75,18.41
127,Carbonear,CA,2022-07-17 04:30:17,47.7332,-53.2148,60.64,84,36,4.36
128,Haines Junction,CA,2022-07-17 04:34:34,60.7522,-137.5108,53.55,76,100,4.61
129,San Diego De Los Banos,CU,2022-07-17 04:34:34,22.6467,-83.3697,73.99,91,24,1.45
130,Cape Town,ZA,2022-07-17 04:34:35,-33.9258,18.4232,63.91,51,0,7.0
131,Araouane,ML,2022-07-17 04:34:35,18.9048,-3.5265,87.19,48,92,15.21
132,Sao Filipe,CV,2022-07-17 04:34:35,14.8961,-24.4956,75.02,85,9,7.65
133,East London,ZA,2022-07-17 04:34:36,-33.0153,27.9116,59.94,47,0,4.61
134,Hudiksvall,SE,2022-07-17 04:34:36,61.729,17.1036,54.57,61,58,13.71
135,Ribeira Grande,PT,2022-07-17 04:34:36,38.5167,-28.7,70.3,92,9,6.06
136,Morehead,US,2022-07-17 04:34:37,37.2711,-87.1764,82.78,87,0,0.0
137,Mehendiganj,BD,2022-07-17 04:34:37,22.8167,90.5333,88.57,69,54,18.66
138,Mujiayingzi,CN,2022-07-17 04:28:51,42.1167,118.7833,73.76,64,89,3.6
139,Te Anau,NZ,2022-07-17 04:35:30,-45.4167,167.7167,43.83,97,100,6.98
140,Birao,CF,2022-07-17 04:35:38,10.2849,22.7882,70.48,93,84,3.6
141,Tanout,NE,2022-07-17 04:35:38,14.9709,8.8879,81.18,62,93,9.53
142,Abiramam,IN,2022-07-17 04:35:38,9.4667,78.45,90.97,46,99,3.31
143,Sumbe,AO,2022-07-17 04:35:39,-11.2061,13.8437,67.48,90,68,4.18
144,Istanbul,TR,2022-07-17 04:35:24,41.0351,28.9833,75.06,78,0,9.22
145,Fortuna,US,2022-07-17 04:35:39,40.5982,-124.1573,59.94,86,29,5.01
146,Galveston,US,2022-07-17 04:35:40,29.3669,-94.9669,84.96,86,4,1.01
147,Olean,US,2022-07-17 04:35:40,42.0776,-78.4297,64.98,59,0,3.44
148,Gayeri,BF,2022-07-17 04:35:40,12.6497,0.4931,74.7,81,100,5.93
149,Aljezur,PT,2022-07-17 04:35:41,37.3191,-8.8033,64.42,93,9,5.39
150,Sola,VU,2022-07-17 04:35:41,-13.8833,167.55,79.99,78,24,23.8
151,Ruidoso,US,2022-07-17 04:35:41,33.3317,-105.673,74.97,37,0,8.05
152,Kamuli,UG,2022-07-17 04:35:42,0.9472,33.1197,66.97,74,18,2.24
153,Severo-Kurilsk,RU,2022-07-17 04:32:16,50.6789,156.125,55.0,93,96,0.76
154,Valparaiso,CL,2022-07-17 04:29:00,-33.0393,-71.6273,47.84,81,0,8.05
155,Pevek,RU,2022-07-17 04:35:42,69.7008,170.3133,32.79,99,100,17.34
156,Taoudenni,ML,2022-07-17 04:35:43,22.6783,-3.9836,98.76,21,84,4.81
157,Sao Raimundo Nonato,BR,2022-07-17 04:35:43,-9.0153,-42.6994,72.91,56,7,8.66
158,Oak Ridge,US,2022-07-17 04:35:43,36.0104,-84.2696,79.65,71,0,0.0
159,Inhambane,MZ,2022-07-17 04:26:26,-23.865,35.3833,62.58,94,40,4.61
160,Axim,GH,2022-07-17 04:35:44,4.8699,-2.2405,74.91,83,100,9.19
161,Sinor,IN,2022-07-17 04:35:44,21.9167,73.3333,82.42,69,72,12.35
162,Villa Maria,AR,2022-07-17 04:35:44,-32.4075,-63.2402,36.41,79,1,5.55
163,Broome,US,2022-07-17 04:35:45,42.2506,-75.833,68.38,85,0,3.44
164,Muros,ES,2022-07-17 04:28:53,42.7762,-9.0603,65.08,92,29,2.33
165,Komsomolskiy,UZ,2022-07-17 04:35:45,40.4272,71.7189,90.32,23,0,4.61
166,Vore,AL,2022-07-17 04:35:45,41.3908,19.655,62.02,88,0,2.3
167,Port Elizabeth,ZA,2022-07-17 04:35:46,-33.918,25.5701,55.69,58,0,4.61
168,Ikryanoye,RU,2022-07-17 04:35:46,46.0932,47.7308,84.18,38,24,12.91
169,Alofi,NU,2022-07-17 04:35:46,-19.0595,-169.9187,76.89,78,10,12.66
170,Bambous Virieux,MU,2022-07-17 04:35:47,-20.3428,57.7575,72.21,73,40,13.8
171,Sept-Iles,CA,2022-07-17 04:35:47,50.2001,-66.3821,58.05,87,75,8.05
172,Caorle,IT,2022-07-17 04:35:47,45.5966,12.8758,75.72,70,3,19.84
173,Karratha,AU,2022-07-17 04:29:02,-20.7377,116.8463,76.6,30,1,6.44
174,Ahuimanu,US,2022-07-17 04:35:48,21.4447,-157.8378,83.91,84,100,18.41
175,Kologriv,RU,2022-07-17 04:35:48,58.8275,44.3178,66.06,63,70,2.21
176,Chokurdakh,RU,2022-07-17 04:35:49,70.6333,147.9167,47.19,36,38,17.67
177,Saint George,US,2022-07-17 04:35:23,37.1041,-113.5841,100.99,19,0,6.91
178,Camopi,GF,2022-07-17 04:35:49,3.1655,-52.3158,70.38,99,89,1.21
179,Vardo,NO,2022-07-17 04:34:22,70.3705,31.1107,53.58,94,100,9.22
180,Dingle,PH,2022-07-17 04:35:49,10.9995,122.6711,86.65,72,93,9.24
181,Rawson,AR,2022-07-17 04:35:50,-43.3002,-65.1023,38.34,59,36,12.84
182,San Pedro,PH,2022-07-17 04:34:25,14.35,121.0167,88.32,71,75,10.36
183,Buraydah,SA,2022-07-17 04:35:50,26.326,43.975,88.25,10,100,7.9
184,Rundu,NA,2022-07-17 04:35:51,-17.9333,19.7667,44.62,61,0,5.91
185,Grindavik,IS,2022-07-17 04:28:58,63.8424,-22.4338,48.15,100,75,1.14
186,Ahipara,NZ,2022-07-17 04:27:44,-35.1667,173.1667,57.42,62,29,4.83
187,Necochea,AR,2022-07-17 04:36:51,-38.5473,-58.7368,38.53,65,18,12.88
188,Bargteheide,DE,2022-07-17 04:36:52,53.7333,10.2667,54.9,89,83,5.79
189,Bathsheba,BB,2022-07-17 04:36:52,13.2167,-59.5167,81.21,95,75,24.16
190,Mattru,SL,2022-07-17 04:36:52,7.6244,-11.8332,72.3,98,97,1.77
191,Halmstad,SE,2022-07-17 04:36:53,56.6745,12.8568,59.31,82,75,8.05
192,Tokur,RU,2022-07-17 04:36:53,53.1333,132.9,74.52,62,82,4.56
193,Tabou,CI,2022-07-17 04:36:53,4.423,-7.3528,74.61,86,100,7.81
194,Paamiut,GL,2022-07-17 04:36:54,61.994,-49.6678,41.7,83,95,9.73
195,Aswan,EG,2022-07-17 04:36:54,24.0934,32.907,84.76,27,14,12.88
196,Wismar,DE,2022-07-17 04:36:54,53.9,11.4667,57.2,87,77,5.99
197,Chichawatni,PK,2022-07-17 04:36:55,30.5333,72.7,87.76,65,84,8.52
198,Ketchikan,US,2022-07-17 04:35:23,55.3422,-131.6461,60.78,77,20,4.61
199,Dikson,RU,2022-07-17 04:36:55,73.5069,80.5464,46.18,69,80,8.21
200,Dolny Kubin,SK,2022-07-17 04:36:56,49.2098,19.3034,51.57,85,1,1.86
201,Torbay,CA,2022-07-17 04:35:30,47.6666,-52.7314,60.58,77,40,12.66
202,Waingapu,ID,2022-07-17 04:30:11,-9.6567,120.2641,84.15,57,75,16.98
203,Upernavik,GL,2022-07-17 04:36:56,72.7868,-56.1549,41.56,91,95,8.75
204,Luancheng,CN,2022-07-17 04:36:56,37.8792,114.6517,95.16,19,23,13.0
205,Hovd,MN,2022-07-17 04:36:57,48.0056,91.6419,77.67,22,5,1.1
206,Zabid,YE,2022-07-17 04:36:57,14.1951,43.3152,96.13,29,74,22.84
207,Chernyshevskiy,RU,2022-07-17 04:36:57,63.0128,112.4714,61.02,73,100,6.98
208,Victoria,HK,2022-07-17 04:36:45,22.2855,114.1577,93.25,87,100,5.01
209,Idah,NG,2022-07-17 04:36:58,7.1065,6.7342,71.38,98,99,2.71
210,Jequitinhonha,BR,2022-07-17 04:34:36,-16.4339,-41.0033,60.58,87,1,2.06
211,Tilisos,GR,2022-07-17 04:36:58,35.2961,25.0159,79.7,52,0,16.11
212,Malatya,TR,2022-07-17 04:36:59,38.5,38.0,69.85,43,0,6.91
213,Homer,US,2022-07-17 04:33:55,59.6425,-151.5483,57.78,94,100,8.99
214,Christchurch,NZ,2022-07-17 04:35:31,-43.5333,172.6333,51.48,71,71,3.44
215,Kandrian,PG,2022-07-17 04:36:59,-6.2167,149.55,82.62,77,97,10.45
216,Dombovar,HU,2022-07-17 04:36:59,46.3766,18.137,67.01,47,95,7.87
217,Codrington,AU,2022-07-17 04:37:00,-38.2667,141.9667,50.5,71,86,20.18
218,Zaria,NG,2022-07-17 04:37:00,11.1113,7.7227,69.28,95,99,8.12
219,Krasnyy Yar,RU,2022-07-17 04:37:00,46.5331,48.3456,84.13,21,45,17.92
220,Norman Wells,CA,2022-07-17 04:37:01,65.282,-126.8329,68.04,60,75,8.05
221,Catio,GW,2022-07-17 04:37:01,11.2833,-15.25,78.03,90,97,7.25
222,Balakhninskiy,RU,2022-07-17 04:37:01,58.0106,114.2769,61.0,88,100,2.19
223,Puerto Madryn,AR,2022-07-17 04:37:02,-42.7692,-65.0385,40.12,54,22,11.41
224,Pontes E Lacerda,BR,2022-07-17 04:37:02,-15.2261,-59.3353,73.72,70,87,4.7
225,Monduli,TZ,2022-07-17 04:37:03,-3.3,36.45,56.61,84,61,8.21
226,Cozumel,MX,2022-07-17 04:35:52,20.5083,-86.9458,75.94,92,33,7.56
227,Meulaboh,ID,2022-07-17 04:37:03,4.1363,96.1285,85.01,68,62,4.36
228,Hajnowka,PL,2022-07-17 04:37:03,52.7433,23.5812,52.02,89,100,1.99
229,Samarai,PG,2022-07-17 04:37:04,-10.6167,150.6667,79.99,84,71,16.4
230,Esperance,AU,2022-07-17 04:37:04,-33.8667,121.9,60.67,59,60,6.44
231,Agadez,NE,2022-07-17 04:37:04,19.75,10.25,81.86,48,45,7.4
232,Bafra,TR,2022-07-17 04:37:05,41.5678,35.9069,76.82,61,93,11.54
233,Luderitz,NA,2022-07-17 04:37:05,-26.6481,15.1594,65.57,33,0,4.41
234,Shitanjing,CN,2022-07-17 04:38:05,39.2342,106.3439,80.53,21,98,4.9
235,Vestmannaeyjar,IS,2022-07-17 04:38:06,63.4427,-20.2734,50.45,80,42,2.24
236,Constitucion,CL,2022-07-17 04:30:08,-35.3333,-72.4167,46.4,79,99,5.06
237,Kurilsk,RU,2022-07-17 04:38:06,45.2333,147.8833,56.28,95,100,13.6
238,Muborak,UZ,2022-07-17 04:38:07,39.2553,65.1528,101.77,8,0,19.95
239,Hasaki,JP,2022-07-17 04:38:07,35.7333,140.8333,82.29,90,43,19.64
240,San Cristobal,VE,2022-07-17 04:33:12,7.7669,-72.225,69.98,95,35,2.21
241,Arlit,NE,2022-07-17 04:38:08,18.7369,7.3853,83.93,46,13,3.87
242,Pitsunda,GE,2022-07-17 04:38:08,43.1592,40.3378,71.78,82,90,8.75
243,Careiro Da Varzea,BR,2022-07-17 04:38:08,-3.2003,-59.8119,81.21,75,98,2.28
244,Tiksi,RU,2022-07-17 04:38:09,71.6872,128.8694,38.8,78,71,6.98
245,Faanui,PF,2022-07-17 04:38:09,-16.4833,-151.75,77.94,65,35,20.29
246,Benguela,AO,2022-07-17 04:38:09,-12.5763,13.4055,66.02,91,31,3.76
247,Zhuhai,CN,2022-07-17 04:38:10,22.2769,113.5678,96.85,74,40,16.11
248,Yeppoon,AU,2022-07-17 04:38:10,-23.1333,150.7333,71.38,67,55,7.96
249,Donnacona,CA,2022-07-17 04:36:16,46.6804,-71.7239,70.11,91,47,3.76
250,Blagoyevo,RU,2022-07-17 04:38:10,63.3667,47.9167,68.32,51,11,3.94
251,Dubbo,AU,2022-07-17 04:38:11,-32.25,148.6167,66.33,32,40,18.41
252,Meadow Lake,US,2022-07-17 04:38:11,34.8014,-106.5436,87.91,21,71,9.6
253,Todos Santos,MX,2022-07-17 04:38:12,23.45,-110.2167,82.04,91,7,4.0
254,Tuktoyaktuk,CA,2022-07-17 04:38:12,69.4541,-133.0374,59.0,77,100,4.61
255,Gejiu,CN,2022-07-17 04:29:01,23.306,103.1635,73.6,63,100,5.55
256,Taltal,CL,2022-07-17 04:38:12,-25.4,-70.4833,55.81,57,0,3.8
257,Dryden,CA,2022-07-17 04:38:13,49.7833,-92.7503,70.09,78,0,5.75
258,Litovko,RU,2022-07-17 04:38:13,49.2361,135.1742,73.08,78,98,3.83
259,Sindor,RU,2022-07-17 04:38:13,62.8629,51.8905,68.58,49,4,6.33
260,Salisbury,GB,2022-07-17 04:36:35,51.0693,-1.7957,61.47,85,20,5.75
261,Tessalit,ML,2022-07-17 04:38:14,20.1986,1.0114,86.11,45,88,15.97
262,Misratah,LY,2022-07-17 04:38:14,32.3754,15.0925,77.49,65,0,2.98
263,Wenling,CN,2022-07-17 04:38:15,28.3669,121.36,87.26,77,100,14.97
264,Nivala,FI,2022-07-17 04:38:15,63.9167,24.9667,54.68,94,100,3.96
265,Solnechnyy,RU,2022-07-17 04:38:15,50.7214,136.6319,72.99,70,100,4.74
266,Caconda,AO,2022-07-17 04:38:16,-13.7333,15.0667,48.2,55,4,4.36
267,Fuyang,CN,2022-07-17 04:38:16,32.9,115.8167,91.51,54,82,13.56
268,Sangar,RU,2022-07-17 04:38:17,63.9242,127.4739,79.12,64,48,6.2
269,Sioux Lookout,CA,2022-07-17 04:38:17,50.1001,-91.917,64.47,88,0,2.3
270,Qaqortoq,GL,2022-07-17 04:38:17,60.7167,-46.0333,40.84,83,30,3.58
271,Evensk,RU,2022-07-17 04:38:18,61.95,159.2333,52.11,95,100,8.7
272,Alta Floresta,BR,2022-07-17 04:38:18,-9.8756,-56.0861,75.24,56,68,4.29
273,Rypefjord,NO,2022-07-17 04:38:18,70.6333,23.6667,48.67,100,100,5.75
274,Bonfim,BR,2022-07-17 04:38:19,3.0833,-59.95,74.79,87,90,3.53
275,Ilo,PE,2022-07-17 04:38:19,-17.6394,-71.3375,58.17,80,27,7.96
276,Ceica,RO,2022-07-17 04:38:19,46.85,22.1833,60.78,50,8,6.69
277,Ancud,CL,2022-07-17 04:38:20,-41.8697,-73.8203,46.22,87,100,10.18
278,Gat,IL,2022-07-17 04:35:05,31.61,34.7642,76.41,100,0,0.16
279,Kimparana,ML,2022-07-17 04:39:20,12.8347,-4.9244,77.52,77,97,9.08
280,Beloha,MG,2022-07-17 04:39:21,-25.1667,45.05,67.37,75,5,15.55
281,Zaysan,KZ,2022-07-17 04:39:21,47.4667,84.8667,89.33,20,87,8.81
282,Nantucket,US,2022-07-17 04:39:21,41.2835,-70.0995,73.51,94,100,4.61
283,Chimbote,PE,2022-07-17 04:38:53,-9.0853,-78.5783,60.94,86,42,8.28
284,Amapa,BR,2022-07-17 04:39:22,1.0,-52.0,70.39,99,100,1.21
285,Longyearbyen,SJ,2022-07-17 04:39:22,78.2186,15.6401,51.64,71,0,0.0
286,Cayenne,GF,2022-07-17 04:39:23,4.9333,-52.3333,80.1,1,100,0.0
287,Tadpatri,IN,2022-07-17 04:39:23,14.9167,78.0167,87.49,53,96,22.88
288,Sakakah,SA,2022-07-17 04:39:23,29.9697,40.2064,85.57,16,2,6.24
289,Maldonado,UY,2022-07-17 04:39:24,-34.6667,-54.9167,47.59,73,100,17.34
290,Grand Gaube,MU,2022-07-17 04:39:24,-20.0064,57.6608,72.37,67,17,8.01
291,Geraldton,AU,2022-07-17 04:39:25,-28.7667,114.6,63.01,72,100,4.61
292,Muisne,EC,2022-07-17 04:39:25,0.6,-80.0333,73.44,86,100,7.16
293,Olafsvik,IS,2022-07-17 04:39:25,64.8945,-23.7142,50.36,90,97,4.99
294,Buala,SB,2022-07-17 04:39:26,-8.145,159.5921,83.71,72,81,9.17
295,Isangel,VU,2022-07-17 04:39:26,-19.55,169.2667,72.75,77,46,18.63
296,Lagunillas,VE,2022-07-17 04:39:27,10.1301,-71.2595,78.37,85,70,4.74
297,Bud,US,2022-07-17 04:39:27,39.447,-86.1758,80.62,80,100,5.48
298,Provideniya,RU,2022-07-17 04:39:28,64.3833,-173.3,54.1,56,73,7.36
299,Alice Springs,AU,2022-07-17 04:39:28,-23.7,133.8833,72.95,9,1,6.91
300,Kruisfontein,ZA,2022-07-17 04:39:28,-34.0033,24.7314,61.61,30,9,12.26
301,Den Helder,NL,2022-07-17 04:39:29,52.9599,4.7593,55.38,92,100,3.44
302,Kahului,US,2022-07-17 04:39:29,20.8947,-156.47,82.42,73,40,24.16
303,Iisalmi,FI,2022-07-17 04:39:29,63.5592,27.1907,54.52,94,72,3.42
304,Shubarshi,KZ,2022-07-17 04:39:30,48.5872,57.1869,82.6,39,5,7.78
305,Fort-Shevchenko,KZ,2022-07-17 04:39:30,44.5086,50.263,83.1,57,0,8.25
306,Alice Town,BS,2022-07-17 04:39:31,25.7167,-79.3,83.55,75,100,14.18
307,Teya,RU,2022-07-17 04:39:31,60.3778,92.6267,68.13,41,88,4.9
308,Sortland,NO,2022-07-17 04:39:31,68.6949,15.4162,49.96,88,100,1.99
309,Kainantu,PG,2022-07-17 04:39:32,-6.2887,145.8655,70.36,71,88,5.57
310,Kudahuvadhoo,MV,2022-07-17 04:39:32,2.6708,72.8944,82.47,72,46,3.33
311,Jacareacanga,BR,2022-07-17 04:39:32,-6.2222,-57.7528,76.62,69,21,0.87
312,Salalah,OM,2022-07-17 04:39:33,17.0151,54.0924,77.09,100,100,5.75
313,High Level,CA,2022-07-17 04:39:33,58.5169,-117.136,64.51,88,40,5.75
314,Kardymovo,RU,2022-07-17 04:39:33,54.8902,32.4311,55.17,84,18,2.82
315,French Harbor,HN,2022-07-17 04:39:34,16.35,-86.4333,80.6,89,40,3.44
316,Muriti,TZ,2022-07-17 04:39:34,-1.9833,32.9167,71.58,62,12,14.79
317,Zabol,AF,2022-07-17 04:39:34,32.25,67.25,81.1,38,0,14.16
318,Wewak,PG,2022-07-17 04:39:35,-3.5534,143.6268,84.58,73,87,10.31
319,La Ligua,CL,2022-07-17 04:39:35,-32.4524,-71.2311,45.9,61,75,3.49
320,Omsukchan,RU,2022-07-17 04:39:35,62.5333,155.8,73.71,57,73,13.71
321,Ambilobe,MG,2022-07-17 04:39:36,-13.2,49.05,72.91,56,2,4.76
322,Saint-Augustin,CA,2022-07-17 04:40:36,51.226,-58.6502,60.91,61,78,3.24
323,Cherskiy,RU,2022-07-17 04:40:36,68.75,161.3,40.3,79,100,21.9
324,Havelock,US,2022-07-17 04:40:37,34.8791,-76.9013,82.38,90,0,3.44
325,Talnakh,RU,2022-07-17 04:40:37,69.4865,88.3972,67.21,37,100,11.9
326,Isla Aguada,MX,2022-07-17 04:40:37,18.7833,-91.4667,81.77,79,92,14.74
327,Albion,US,2022-07-17 04:40:38,42.2431,-84.753,69.84,98,0,0.0
328,Mataram,ID,2022-07-17 04:40:38,-8.5833,116.1167,85.01,75,39,10.94
329,Katherine,AU,2022-07-17 04:40:38,-14.4667,132.2667,80.92,29,81,12.66
330,Ostrovnoy,RU,2022-07-17 04:40:39,68.0531,39.5131,62.38,71,9,12.82
331,Mayor Pablo Lagerenza,PY,2022-07-17 04:40:39,-19.9309,-60.7718,52.79,71,100,5.46
332,Roma,US,2022-07-17 04:37:21,43.2128,-75.4557,69.64,80,0,3.44
333,Luwingu,ZM,2022-07-17 04:40:39,-10.2621,29.9271,49.64,75,8,3.44
334,Bandarbeyla,SO,2022-07-17 04:40:40,9.4942,50.8122,83.28,50,29,34.85
335,Pala,TD,2022-07-17 04:40:40,9.3642,14.9046,71.06,97,100,5.84
336,Warrington,GB,2022-07-17 04:40:40,53.3925,-2.5802,62.98,84,0,4.61
337,Biltine,TD,2022-07-17 04:40:41,14.5333,20.9167,78.91,72,100,10.11
338,Cabanas,CU,2022-07-17 04:40:41,22.9758,-82.9219,77.18,84,44,4.9
339,Port Blair,IN,2022-07-17 04:40:41,11.6667,92.75,84.24,79,75,8.05
340,Tuy Hoa,VN,2022-07-17 04:40:42,13.0833,109.3,93.2,53,56,4.56
341,Sibolga,ID,2022-07-17 04:40:42,1.7427,98.7792,87.78,57,43,5.35
342,Singkang,MY,2022-07-17 04:40:42,2.1006,102.7994,91.27,56,69,5.01
343,Carutapera,BR,2022-07-17 04:40:43,-1.195,-46.02,76.64,88,58,2.86
344,Atbasar,KZ,2022-07-17 04:40:43,51.8,68.3333,74.89,56,58,14.27
345,Nieves,PH,2022-07-17 04:40:43,15.3274,120.9485,92.71,58,96,4.21
346,Aksu,CN,2022-07-17 04:40:44,41.1231,80.2644,88.48,22,0,6.82
347,Omachi,JP,2022-07-17 04:40:44,36.5,137.8667,81.73,80,55,3.29
348,Bilma,NE,2022-07-17 04:40:44,18.6853,12.9164,85.86,43,3,3.67
349,Tiznit,MA,2022-07-17 04:40:45,29.5833,-9.5,75.43,51,4,1.23
350,Port Hardy,CA,2022-07-17 04:40:45,50.6996,-127.4199,57.38,88,75,3.44
351,Tawang,IN,2022-07-17 04:40:45,27.5833,91.8667,68.99,69,58,6.46
352,Kavieng,PG,2022-07-17 04:40:46,-2.5744,150.7967,83.41,75,22,14.12
353,Caluquembe,AO,2022-07-17 04:40:46,-13.7833,14.6833,48.97,53,3,3.04
354,Mount Isa,AU,2022-07-17 04:40:46,-20.7333,139.5,76.77,29,0,4.61
355,Buzmeyin,TM,2022-07-17 04:40:47,38.0507,58.2056,91.13,18,0,6.91
356,Menongue,AO,2022-07-17 04:40:47,-14.6585,17.691,44.51,65,1,5.06
357,Deputatskiy,RU,2022-07-17 04:40:48,69.3,139.9,55.04,49,100,6.49
358,Los Llanos De Aridane,ES,2022-07-17 04:40:48,28.6585,-17.9182,65.95,96,100,18.41
359,Zhaodong,CN,2022-07-17 04:40:48,46.0833,125.9833,76.86,64,82,8.84
360,Pangnirtung,CA,2022-07-17 04:40:49,66.1451,-65.7125,47.75,67,97,1.9
361,Kamina,CD,2022-07-17 04:40:49,-8.7386,24.9906,58.41,53,9,7.14
362,Hay River,CA,2022-07-17 04:40:49,60.8156,-115.7999,66.18,63,7,4.61
363,Daru,PG,2022-07-17 04:40:50,-9.0763,143.2092,79.21,75,62,11.23
364,Matam,SN,2022-07-17 04:40:50,15.6175,-13.3303,81.25,56,75,15.32
365,Tuatapere,NZ,2022-07-17 04:40:50,-46.1333,167.6833,45.03,90,94,10.63
366,Andenes,NO,2022-07-17 04:40:51,69.3143,16.1194,48.18,93,75,5.75
367,Pasighat,IN,2022-07-17 04:40:51,28.0667,95.3333,88.3,79,99,5.48
368,Bonavista,CA,2022-07-17 04:40:51,48.6499,-53.1147,54.9,90,94,7.65
369,Husavik,IS,2022-07-17 04:40:51,66.0449,-17.3389,47.79,98,100,7.14
370,Polunochnoye,RU,2022-07-17 04:40:52,60.8697,60.4153,60.55,99,100,2.89
371,Simpang,ID,2022-07-17 04:40:52,-1.2667,104.0833,84.74,63,100,2.64
372,Sibi,PK,2022-07-17 04:41:53,29.5448,67.8764,97.27,44,19,9.57
373,Yorii,JP,2022-07-17 04:41:53,36.1167,139.2,88.3,55,67,2.15
374,Takoradi,GH,2022-07-17 04:41:53,4.8845,-1.7554,74.64,85,100,9.98
375,Cidreira,BR,2022-07-17 04:41:54,-30.1811,-50.2056,55.06,78,68,26.13
376,The Valley,AI,2022-07-17 04:41:54,18.217,-63.0578,82.26,80,3,19.3
377,Kailua,US,2022-07-17 04:41:54,21.4022,-157.7394,84.18,88,100,16.11
378,Gillette,US,2022-07-17 04:38:15,44.2911,-105.5022,76.95,39,0,4.61
379,Grand Forks,US,2022-07-17 04:40:42,47.9417,-97.4337,73.33,94,0,8.05
380,Innisfail,AU,2022-07-17 04:41:55,-17.5333,146.0333,70.61,79,83,10.83
381,Ocampo,MX,2022-07-17 04:41:56,21.65,-101.5,54.39,89,100,14.07
382,Lac Du Bonnet,CA,2022-07-17 04:41:56,50.2536,-96.0612,68.23,96,0,6.13
383,Tonantins,BR,2022-07-17 04:41:56,-2.8731,-67.8022,73.58,95,98,2.71
384,Michurinsk,RU,2022-07-17 04:41:57,52.8978,40.4907,62.69,85,99,3.29
385,Aykhal,RU,2022-07-17 04:41:57,66.0,111.5,49.89,87,100,15.84
386,Port Lincoln,AU,2022-07-17 04:41:57,-34.7333,135.8667,55.87,68,58,19.6
387,Cabo San Lucas,MX,2022-07-17 04:41:58,22.8909,-109.9124,81.7,42,3,3.0
388,San Quintin,MX,2022-07-17 04:41:58,30.4833,-115.95,67.53,84,4,7.49
389,Sitka,US,2022-07-17 04:41:58,57.0531,-135.33,57.09,88,75,5.75
390,Derzhavinsk,KZ,2022-07-17 04:41:59,51.1,66.3167,75.33,57,3,13.71
391,Kampene,CD,2022-07-17 04:41:59,-3.6,26.6667,70.23,62,62,0.72
392,Jiuquan,CN,2022-07-17 04:41:59,39.7432,98.5174,84.92,19,88,8.3
393,Port Macquarie,AU,2022-07-17 04:42:00,-31.4333,152.9167,66.88,48,35,11.74
394,Surt,LY,2022-07-17 04:42:00,31.2089,16.5887,76.64,65,0,5.5
395,Xiamen,CN,2022-07-17 04:42:00,24.4798,118.0819,95.05,63,20,6.71
396,Gatesville,US,2022-07-17 04:42:00,31.4352,-97.7439,89.71,50,0,10.65
397,Zapotiltic,MX,2022-07-17 04:42:01,19.6167,-103.4333,63.77,96,99,0.34
398,Akdepe,TM,2022-07-17 04:42:01,42.0551,59.3788,93.29,16,0,10.58
399,Narrabri,AU,2022-07-17 04:42:02,-30.3167,149.7833,66.52,58,100,5.99
400,Linxia,CN,2022-07-17 04:42:02,35.6003,103.2064,64.62,59,97,1.83
401,Batagay,RU,2022-07-17 04:42:02,67.6333,134.6333,56.97,64,100,3.33
402,Grants Pass,US,2022-07-17 04:41:20,42.439,-123.3284,81.91,67,0,11.5
403,Rorvik,NO,2022-07-17 04:42:03,64.8621,11.2373,52.14,76,100,17.05
404,Ayan,RU,2022-07-17 04:42:03,56.45,138.1667,60.6,86,22,7.94
405,La Cruz,MX,2022-07-17 04:42:03,23.9167,-106.9,80.38,83,97,0.45
406,Kiruna,SE,2022-07-17 04:42:04,67.8557,20.2251,43.72,93,100,11.5
407,Beyneu,KZ,2022-07-17 04:42:04,45.3167,55.2,96.75,13,3,12.64
408,Dunmore Town,BS,2022-07-17 04:42:05,25.5,-76.65,82.45,81,68,17.6
409,Marsa Matruh,EG,2022-07-17 04:42:05,31.3525,27.2453,78.17,68,0,12.15
410,Sabang,ID,2022-07-17 04:42:05,5.8933,95.3214,82.44,74,96,9.24
411,Kimbe,PG,2022-07-17 04:42:06,-5.5502,150.1429,83.12,77,63,3.31
412,Vanimo,PG,2022-07-17 04:42:06,-2.6741,141.3028,80.02,88,100,3.89
413,Nador,MA,2022-07-17 04:42:06,35.174,-2.9287,75.45,83,20,4.61
414,Sao Gabriel Da Cachoeira,BR,2022-07-17 04:42:07,-0.1303,-67.0892,73.69,95,92,1.79
415,Halifax,CA,2022-07-17 04:37:44,44.6453,-63.5724,65.48,82,100,1.01
416,Fare,PF,2022-07-17 04:43:07,-16.7,-151.0167,77.25,70,8,18.9
417,Fraserburgh,GB,2022-07-17 04:43:08,57.6874,-2.0184,60.44,86,93,8.84
418,Tsagan Aman,RU,2022-07-17 04:43:08,47.5639,46.7218,85.66,27,100,12.35
419,Vestmanna,FO,2022-07-17 04:43:08,62.1564,-7.1664,49.12,93,100,14.97
420,Olinda,BR,2022-07-17 04:43:09,-8.0089,-34.8553,74.93,94,75,6.91
421,Ballina,AU,2022-07-17 04:43:09,-28.8667,153.5667,71.02,45,0,9.57
422,Magadan,RU,2022-07-17 04:43:09,59.5667,150.8,70.54,88,92,9.4
423,Turan,VN,2022-07-17 04:41:24,16.0678,108.2208,94.98,59,20,6.91
424,Hurghada,EG,2022-07-17 04:39:15,27.2574,33.8129,83.08,38,5,23.38
425,Miedzyrzec Podlaski,PL,2022-07-17 04:43:10,51.9864,22.7825,52.68,92,100,14.81
426,Bonanza,NI,2022-07-17 04:43:11,14.0289,-84.591,70.66,99,100,2.39
427,Pisco,PE,2022-07-17 04:43:11,-13.7,-76.2167,59.02,82,10,0.0
428,Bentong,MY,2022-07-17 04:43:11,3.5181,101.9079,93.58,47,70,1.25
429,Nyakahanga,TZ,2022-07-17 04:43:12,-1.6033,31.1414,60.6,58,32,2.93
430,Ritchie,ZA,2022-07-17 04:43:12,-29.038,24.6028,38.41,46,0,6.55
431,Kolyvan,RU,2022-07-17 04:43:12,55.3053,82.7391,69.42,72,94,5.23
432,Changji,CN,2022-07-17 04:43:13,44.0167,87.3167,95.79,13,0,2.24
433,Porto Empedocle,IT,2022-07-17 04:43:13,37.2934,13.5264,78.67,54,0,2.68
434,Shaoxing,CN,2022-07-17 04:43:13,30.011,120.5715,98.55,36,99,9.55
435,Yamada,JP,2022-07-17 04:43:14,39.4667,141.95,76.96,85,100,9.08
436,Lashio,MM,2022-07-17 04:43:14,22.9333,97.75,81.84,77,76,3.38
437,Jackson,US,2022-07-17 04:43:14,42.4165,-122.8345,80.47,41,0,10.36
438,Jalu,LY,2022-07-17 04:43:15,29.0331,21.5482,76.42,52,0,6.42
439,Cap Malheureux,MU,2022-07-17 04:43:15,-19.9842,57.6142,72.46,67,16,8.01
440,Champoton,MX,2022-07-17 04:43:15,19.35,-90.7167,80.69,77,69,5.55
441,Port-Gentil,GA,2022-07-17 04:43:16,-0.7193,8.7815,74.73,73,86,10.63
442,Villa De Cura,VE,2022-07-17 04:43:16,10.0386,-67.4894,70.02,92,100,2.3
443,Buritizeiro,BR,2022-07-17 04:42:25,-17.3511,-44.9622,63.28,55,27,1.1
444,Noumea,NC,2022-07-17 04:43:17,-22.2763,166.4572,75.0,99,58,15.82
445,Balancan,MX,2022-07-17 04:43:17,17.8,-91.5333,74.26,90,78,4.41
446,Tura,IN,2022-07-17 04:40:10,25.5198,90.2201,87.78,64,49,6.33
447,Gorom-Gorom,BF,2022-07-17 04:43:17,14.4439,-0.2361,82.29,53,96,9.6
448,Prainha,BR,2022-07-17 04:43:18,-1.8,-53.48,72.97,89,48,2.68
449,San Ramon,US,2022-07-17 04:39:15,37.7799,-121.978,70.79,79,0,6.91
450,Teguldet,RU,2022-07-17 04:43:18,57.3064,88.1667,70.41,46,97,7.54
451,Skibbereen,IE,2022-07-17 04:43:18,51.55,-9.2667,65.1,93,99,7.49
452,Clyde River,CA,2022-07-17 04:40:54,70.4692,-68.5914,32.23,100,100,11.5
453,San Jeronimo,PE,2022-07-17 04:43:19,-11.9472,-75.2829,45.55,85,15,2.42
454,Yichun,CN,2022-07-17 04:43:19,47.7,128.9,65.21,83,100,8.46
455,Taos,US,2022-07-17 04:38:23,36.4072,-105.5731,72.21,61,75,9.22
456,Bara,NG,2022-07-17 04:43:20,10.3744,10.7288,72.01,96,100,7.61
457,Yining,CN,2022-07-17 04:43:20,29.0361,114.5636,83.82,85,100,1.14
458,Tautira,PF,2022-07-17 04:43:20,-17.7333,-149.15,75.15,76,74,23.49
459,Shimoda,JP,2022-07-17 04:43:21,34.6667,138.95,84.56,78,35,12.44
460,Rocha,UY,2022-07-17 04:43:21,-34.4833,-54.3333,45.88,79,100,16.15
461,Dunedin,NZ,2022-07-17 04:43:22,-45.8742,170.5036,54.81,40,100,5.01
462,Maragogi,BR,2022-07-17 04:43:22,-9.0122,-35.2225,73.98,85,78,12.55
463,Huilong,CN,2022-07-17 04:43:22,31.8111,121.655,86.85,77,86,5.93
464,Huron,US,2022-07-17 04:43:23,41.1501,-82.5499,72.84,88,81,7.92
465,Taguatinga,BR,2022-07-17 04:44:23,-12.3857,-46.5711,68.14,43,5,5.21
466,Champerico,GT,2022-07-17 04:44:23,14.3,-91.9167,80.4,79,55,5.08
467,Hobyo,SO,2022-07-17 04:44:24,5.3505,48.5268,78.75,67,100,30.2
468,Lorengau,PG,2022-07-17 04:44:24,-2.0226,147.2712,84.92,70,22,11.39
469,Sozimskiy,RU,2022-07-17 04:44:24,59.7418,52.2482,69.93,52,2,3.85
470,Westport,US,2022-07-17 04:44:25,41.1415,-73.3579,75.18,94,0,0.0
471,Raga,SS,2022-07-17 04:44:25,8.4596,25.678,68.34,96,35,3.29
472,Cururupu,BR,2022-07-17 04:44:25,-1.8283,-44.8683,73.06,96,59,1.77
473,Brae,GB,2022-07-17 04:44:26,60.3964,-1.353,54.82,96,96,16.89
474,Half Moon Bay,US,2022-07-17 04:44:26,37.4636,-122.4286,70.79,86,100,20.71
475,Bilibino,RU,2022-07-17 04:44:26,68.0546,166.4372,41.86,92,100,20.07
476,Banda Aceh,ID,2022-07-17 04:44:27,5.5577,95.3222,86.99,63,74,9.44
477,Broken Hill,AU,2022-07-17 04:44:27,-31.95,141.4333,59.65,50,12,22.75
478,Benghazi,LY,2022-07-17 04:44:28,32.1167,20.0667,78.13,71,0,8.61
479,Waipawa,NZ,2022-07-17 04:44:28,-41.4122,175.5153,48.31,69,9,21.68
480,Uruacu,BR,2022-07-17 04:44:28,-14.5247,-49.1408,67.62,42,31,3.83
481,Kidal,ML,2022-07-17 04:44:29,18.4411,1.4078,83.57,55,98,6.93
482,Athabasca,CA,2022-07-17 04:44:29,54.7169,-113.2854,61.21,65,35,7.54
483,Waddan,LY,2022-07-17 04:44:29,29.1614,16.139,72.93,58,0,3.36
484,Aksarka,RU,2022-07-17 04:44:30,66.5606,67.7975,67.5,42,17,5.77
485,Katesh,TZ,2022-07-17 04:44:30,-4.5167,35.3833,52.47,84,94,5.86
486,Vila Velha,BR,2022-07-17 04:44:30,-20.3297,-40.2925,73.35,89,75,5.75
487,Moshenskoye,RU,2022-07-17 04:44:31,58.5102,34.5911,58.32,63,100,4.07
488,Honningsvag,NO,2022-07-17 04:44:31,70.9821,25.9704,51.55,87,100,17.27
489,Hofn,IS,2022-07-17 04:44:31,64.2539,-15.2082,50.81,78,84,5.35
490,Lakatoro,VU,2022-07-17 04:44:32,-16.0999,167.4164,78.8,80,70,20.29
491,Lasa,IT,2022-07-17 04:44:32,46.6166,10.7002,63.48,72,3,2.48
492,Jasper,US,2022-07-17 04:44:33,37.2001,-94.3502,86.56,60,0,6.91
493,Orissaare,EE,2022-07-17 04:44:33,58.5592,23.0826,57.96,82,94,14.07
494,Byron Bay,AU,2022-07-17 04:44:33,-28.65,153.6167,70.95,53,0,12.59
495,Huinan,CN,2022-07-17 04:44:34,42.6225,126.2614,71.71,85,92,1.23
496,Bairnsdale,AU,2022-07-17 04:44:34,-37.8333,147.6167,60.06,53,61,5.99
497,Norwich,GB,2022-07-17 04:44:34,52.6278,1.2983,60.48,89,54,6.91
498,Green River,US,2022-07-17 04:41:11,41.5286,-109.4662,73.8,39,39,1.01
499,Kaniama,CD,2022-07-17 04:44:35,-7.5667,24.1833,66.18,45,21,7.02
500,Safita,SY,2022-07-17 04:44:35,34.8205,36.1153,75.74,67,0,7.31
501,El Escano De Tepale,HN,2022-07-17 04:44:36,14.75,-87.0667,68.99,89,92,1.52
502,Tual,ID,2022-07-17 04:44:36,-5.6667,132.75,79.54,75,69,23.17
503,Narragansett,US,2022-07-17 04:44:36,41.4501,-71.4495,71.67,81,40,0.0
504,Celestun,MX,2022-07-17 04:44:37,20.8667,-90.4,78.67,81,96,9.93
505,Ishigaki,JP,2022-07-17 04:44:37,24.3448,124.1572,89.73,79,75,8.05
506,Porto Novo,BJ,2022-07-17 04:44:37,6.4965,2.6036,75.13,87,100,7.0
507,Mehamn,NO,2022-07-17 04:44:38,71.0357,27.8492,51.75,93,100,21.85
508,Lavrentiya,RU,2022-07-17 04:44:38,65.5833,-171.0,53.71,67,75,11.07
509,Otradnoye,RU,2022-07-17 04:44:38,59.7775,30.8181,61.03,69,74,5.97
510,Madimba,TZ,2022-07-17 04:44:39,-10.4,40.3333,70.02,79,8,11.61
511,Shirokiy,RU,2022-07-17 04:44:39,49.758,129.523,72.9,84,100,8.01
512,Kamaishi,JP,2022-07-17 04:43:20,39.2667,141.8833,75.96,88,100,8.86
513,Yar-Sale,RU,2022-07-17 04:45:40,66.8333,70.8333,68.14,48,48,8.99
514,Kasongo,CD,2022-07-17 04:45:40,-4.45,26.6667,74.03,45,44,3.83
515,Bitung,ID,2022-07-17 04:45:41,1.4451,125.1824,92.25,75,93,14.05
516,Flinders,AU,2022-07-17 04:45:41,-34.5833,150.8552,68.25,44,0,7.74
517,Teknaf,BD,2022-07-17 04:45:42,20.8624,92.3058,85.6,76,67,15.99
518,Arvika,SE,2022-07-17 04:45:42,59.6553,12.5852,50.61,59,97,4.43
519,Sao Joao Da Barra,BR,2022-07-17 04:45:43,-21.6403,-41.0511,69.44,80,70,13.94
520,Lata,PT,2022-07-17 04:45:43,40.1629,-8.3327,60.89,79,52,2.13
521,Northallerton,GB,2022-07-17 04:42:05,54.339,-1.4324,59.34,81,100,3.44
522,Yurty,RU,2022-07-17 04:45:44,56.0498,97.6348,68.61,52,90,4.9
523,Oistins,BB,2022-07-17 04:45:45,13.0667,-59.5333,80.69,83,75,24.16
524,Lisakovsk,KZ,2022-07-17 04:41:14,52.5369,62.4936,74.66,59,23,12.46
525,Conceicao Do Araguaia,BR,2022-07-17 04:45:45,-8.2578,-49.2647,71.69,45,2,2.8
526,Anyang,CN,2022-07-17 04:45:46,36.0994,114.3289,90.27,53,40,8.03
527,Juba,SS,2022-07-17 04:45:46,4.8517,31.5825,71.13,91,90,2.21
528,Khash,IR,2022-07-17 04:45:47,28.2211,61.2158,89.51,8,9,19.57
529,Conde,BR,2022-07-17 04:45:48,-7.2597,-34.9075,72.86,94,75,10.36
530,Tecoanapa,MX,2022-07-17 04:45:48,16.5167,-98.75,76.77,89,100,5.73
531,Andrelandia,BR,2022-07-17 04:45:49,-21.7397,-44.3092,56.03,80,65,1.92
532,Campbellton,CA,2022-07-17 04:45:49,48.0075,-66.6727,66.65,91,51,4.12
533,Pamplona,ES,2022-07-17 04:45:50,42.8169,-1.6432,67.98,62,0,2.3
534,Puerto Escondido,MX,2022-07-17 04:45:51,15.85,-97.0667,79.27,83,97,4.32
535,Nara,JP,2022-07-17 04:45:51,34.6851,135.8049,90.97,38,50,10.16
536,Ornskoldsvik,SE,2022-07-17 04:45:52,63.2909,18.7153,52.75,76,100,12.66
537,Scottsbluff,US,2022-07-17 04:41:57,41.8666,-103.6672,77.29,61,0,4.61
538,Saeby,DK,2022-07-17 04:45:52,57.3319,10.5225,57.13,69,82,17.69
539,Moron,AR,2022-07-17 04:45:52,-34.6534,-58.6198,42.96,81,4,7.72
540,Qandala,SO,2022-07-17 04:45:53,11.472,49.8728,90.84,45,97,8.23
541,Wanning,CN,2022-07-17 04:45:53,18.8003,110.3967,89.55,68,99,11.07
542,Sokoni,TZ,2022-07-17 04:45:53,-6.4333,39.55,75.9,76,14,14.88
543,Bridlington,GB,2022-07-17 04:45:54,54.0831,-0.1919,59.9,69,98,8.9
544,Kloulklubed,PW,2022-07-17 04:45:54,7.0419,134.2556,81.1,84,100,7.0
545,Kyaikto,MM,2022-07-17 04:45:54,17.3,97.0167,85.68,71,89,6.22
546,Ceyhan,TR,2022-07-17 04:45:55,37.0247,35.8175,79.14,66,0,1.79
547,Bela,IN,2022-07-17 04:45:55,25.9333,81.9833,100.24,36,3,14.32
548,Malakal,SS,2022-07-17 04:45:55,9.5334,31.6605,75.22,82,100,2.98
549,Mweka,CD,2022-07-17 04:45:56,-4.85,21.5667,73.56,54,79,1.77
550,Chapais,CA,2022-07-17 04:45:56,49.7834,-74.8492,56.98,91,30,5.91
551,Pucallpa,PE,2022-07-17 04:45:56,-8.3791,-74.5539,78.84,83,75,6.91
552,Chestermere,CA,2022-07-17 04:45:18,51.0334,-113.8187,71.19,69,20,10.36
553,Outjo,NA,2022-07-17 04:45:57,-20.1167,16.15,49.1,48,0,10.6
554,Lazaro Cardenas,MX,2022-07-17 04:45:57,17.9583,-102.2,79.21,88,98,10.07
555,Korla,CN,2022-07-17 04:45:58,41.7597,86.1469,86.92,25,43,5.21
556,Lohja,FI,2022-07-17 04:45:58,60.2486,24.0653,58.44,100,96,7.67
557,Andros Town,BS,2022-07-17 04:45:58,24.7,-77.7667,80.56,79,94,16.91
558,Richards Bay,ZA,2022-07-17 04:45:59,-28.783,32.0377,59.5,90,14,6.62
559,Stokmarknes,NO,2022-07-17 04:45:59,68.5646,14.9108,49.98,87,100,6.91
560,Vaasa,FI,2022-07-17 04:47:00,63.096,21.6158,54.28,93,100,6.91
561,Charters Towers,AU,2022-07-17 04:47:00,-20.1,146.2667,73.26,45,4,8.72
562,Salamanca,ES,2022-07-17 04:47:01,40.8333,-6.0,77.63,21,2,8.37
563,Butembo,CD,2022-07-17 04:47:01,0.15,29.2833,58.96,88,75,1.92
564,Sohag,EG,2022-07-17 04:47:02,26.557,31.6948,80.82,35,3,13.44
565,Majene,ID,2022-07-17 04:47:02,-3.5403,118.9707,85.39,68,53,7.7
566,Mizdah,LY,2022-07-17 04:47:02,31.4451,12.9801,68.27,76,0,4.72
567,Faya,SA,2022-07-17 04:47:03,18.3851,42.4509,64.92,24,35,5.73
568,Erenhot,CN,2022-07-17 04:47:03,43.6475,111.9767,78.8,23,0,17.11
569,Hilton Head Island,US,2022-07-17 04:45:32,32.2163,-80.7526,80.98,85,0,0.0
570,Qui Nhon,VN,2022-07-17 04:47:04,13.7667,109.2333,91.29,57,52,2.24
571,Sao Jose Da Coroa Grande,BR,2022-07-17 04:42:06,-8.8978,-35.1478,74.61,84,76,12.93
572,Qinhuangdao,CN,2022-07-17 04:47:04,39.9317,119.5883,86.13,62,65,6.58
573,Smithers,CA,2022-07-17 04:43:56,54.7804,-127.1743,59.32,72,40,8.05
574,Saint Anthony,US,2022-07-17 04:45:20,45.0205,-93.218,76.93,74,0,5.75
575,Natal,BR,2022-07-17 04:46:02,-5.795,-35.2094,75.42,100,75,6.91
576,Robertsport,LR,2022-07-17 04:47:05,6.7533,-11.3686,76.86,85,100,11.54
577,Balkhash,KZ,2022-07-17 04:47:05,46.844,74.9804,90.21,25,0,13.42
578,Zhigansk,RU,2022-07-17 04:47:06,66.7697,123.3711,62.53,62,70,14.58
579,Eureka,US,2022-07-17 04:44:52,40.8021,-124.1637,60.21,87,17,7.0
580,Santa Vitoria Do Palmar,BR,2022-07-17 04:47:06,-33.5189,-53.3681,46.44,86,100,15.3
581,Adrar,MR,2022-07-17 04:47:07,20.5022,-10.0711,88.18,15,13,7.85
582,Kaka,TM,2022-07-17 04:47:07,37.3482,59.6143,97.25,8,0,8.39
583,Anqing,CN,2022-07-17 04:47:07,30.5092,117.0506,90.99,60,100,11.18
584,Vanavara,RU,2022-07-17 04:47:08,60.34,102.2797,69.71,43,92,4.47
585,College,US,2022-07-17 04:47:08,64.8569,-147.8028,68.32,70,75,4.61
586,Berlevag,NO,2022-07-17 04:47:08,70.8578,29.0864,53.4,87,100,9.22
